{"cameraMode":{"drawMode":0,"name":"Shaded","section":"Shading Mode"},"sceneLighting":false,"audioPlay":false,"sceneViewState":{"showFog":true,"showMaterialUpdate":false,"showSkybox":false,"showFlares":true,"showImageEffects":true,"showParticleSystems":true},"in2DMode":false,"pivot":{"x":162.63999938964845,"y":12.539999961853028,"z":67.58999633789063},"rotation":{"x":0.018577435985207559,"y":0.5293693542480469,"z":-0.011590326204895974,"w":0.8481204509735107},"size":3.069978713989258,"orthographic":true}