{"cameraMode":{"drawMode":0,"name":"Shaded","section":"Shading Mode"},"sceneLighting":true,"audioPlay":false,"sceneViewState":{"showFog":true,"showMaterialUpdate":false,"showSkybox":true,"showFlares":true,"showImageEffects":true,"showParticleSystems":true},"in2DMode":false,"pivot":{"x":169.95892333984376,"y":11.7119140625,"z":65.9931640625},"rotation":{"x":0.10585498809814453,"y":0.31637147068977358,"z":-0.03554956614971161,"w":0.9420448541641235},"size":17.548891067504884,"orthographic":true}